node_id,recipe_id,period_id,regular_output_capacity,surge_output_capacity,surge_conversion_premium,planned_downtime_fraction,shared_capacity_group_id,shared_capacity_coefficient
NODE-0013,RCP-00001,P01,753.08,188.27,2.8648,0.0,SHR-NODE-0013,0.8989
NODE-0013,RCP-00001,P02,730.1,182.52,2.8719,0.15,SHR-NODE-0013,0.8989
NODE-0013,RCP-00001,P03,708.11,177.03,2.8708,0.0,SHR-NODE-0013,0.8989
NODE-0013,RCP-00001,P04,691.57,172.89,2.8618,0.0,SHR-NODE-0013,0.8989
NODE-0013,RCP-00001,P05,683.86,170.96,2.8471,0.0,SHR-NODE-0013,0.8989
NODE-0013,RCP-00001,P06,686.52,171.63,2.8303,0.0,SHR-NODE-0013,0.8989
NODE-0013,RCP-00001,P07,699.02,174.76,2.8154,0.0,SHR-NODE-0013,0.8989
NODE-0013,RCP-00001,P08,718.83,179.71,2.8062,0.0,SHR-NODE-0013,0.8989
NODE-0013,RCP-00001,P09,741.92,185.48,2.8049,0.0,SHR-NODE-0013,0.8989
NODE-0013,RCP-00001,P10,763.6,190.9,2.8118,0.0,SHR-NODE-0013,0.8989
NODE-0013,RCP-00001,P11,779.46,194.87,2.8252,0.0,SHR-NODE-0013,0.8989
NODE-0013,RCP-00001,P12,786.3,196.57,2.8418,0.0,SHR-NODE-0013,0.8989
NODE-0016,RCP-00002,P01,667.78,166.94,2.1115,0.0,SHR-NODE-0016,1.0476
NODE-0016,RCP-00002,P02,649.15,162.29,2.1006,0.0,SHR-NODE-0016,1.0476
NODE-0016,RCP-00002,P03,628.95,157.24,2.0881,0.0,SHR-NODE-0016,1.0476
NODE-0016,RCP-00002,P04,611.27,152.82,2.0772,0.0,SHR-NODE-0016,1.0476
NODE-0016,RCP-00002,P05,599.71,149.93,2.0705,0.0,SHR-NODE-0016,1.0476
NODE-0016,RCP-00002,P06,596.61,149.15,2.0697,0.15,SHR-NODE-0016,1.0476
NODE-0016,RCP-00002,P07,602.6,150.65,2.0749,0.0,SHR-NODE-0016,1.0476
NODE-0016,RCP-00002,P08,616.47,154.12,2.0849,0.0,SHR-NODE-0016,1.0476
NODE-0016,RCP-00002,P09,635.4,158.85,2.0972,0.0,SHR-NODE-0016,1.0476
NODE-0016,RCP-00002,P10,655.55,163.89,2.1088,0.0,SHR-NODE-0016,1.0476
NODE-0016,RCP-00002,P11,672.81,168.2,2.1169,0.0,SHR-NODE-0016,1.0476
NODE-0016,RCP-00002,P12,683.7,170.92,2.1195,0.0,SHR-NODE-0016,1.0476
NODE-0014,RCP-00003,P01,741.7,185.43,2.6395,0.0,SHR-NODE-0014,0.8405
NODE-0014,RCP-00003,P02,756.37,189.09,2.64,0.0,SHR-NODE-0014,0.8405
NODE-0014,RCP-00003,P03,762.06,190.52,2.6329,0.0,SHR-NODE-0014,0.8405
NODE-0014,RCP-00003,P04,757.64,189.41,2.6201,0.0,SHR-NODE-0014,0.8405
NODE-0014,RCP-00003,P05,743.99,186.0,2.6047,0.0,SHR-NODE-0014,0.8405
NODE-0014,RCP-00003,P06,723.9,180.97,2.5905,0.0,SHR-NODE-0014,0.8405
NODE-0014,RCP-00003,P07,701.43,175.36,2.5808,0.15,SHR-NODE-0014,0.8405
NODE-0014,RCP-00003,P08,681.16,170.29,2.5782,0.0,SHR-NODE-0014,0.8405
NODE-0014,RCP-00003,P09,667.19,166.8,2.5833,0.0,SHR-NODE-0014,0.8405
NODE-0014,RCP-00003,P10,662.37,165.59,2.5947,0.0,SHR-NODE-0014,0.8405
NODE-0014,RCP-00003,P11,667.68,166.92,2.6097,0.0,SHR-NODE-0014,0.8405
NODE-0014,RCP-00003,P12,682.03,170.51,2.6247,0.0,SHR-NODE-0014,0.8405
NODE-0017,RCP-00004,P01,690.72,172.68,2.8789,0.0,SHR-NODE-0017,0.8775
NODE-0017,RCP-00004,P02,705.28,176.32,2.8802,0.0,SHR-NODE-0017,0.8775
NODE-0017,RCP-00004,P03,711.72,177.93,2.8732,0.0,SHR-NODE-0017,0.8775
NODE-0017,RCP-00004,P04,708.74,177.19,2.8598,0.0,SHR-NODE-0017,0.8775
NODE-0017,RCP-00004,P05,696.95,174.24,2.843,0.0,SHR-NODE-0017,0.8775
NODE-0017,RCP-00004,P06,678.73,169.68,2.8272,0.15,SHR-NODE-0017,0.8775
NODE-0017,RCP-00004,P07,657.78,164.45,2.8161,0.0,SHR-NODE-0017,0.8775
NODE-0017,RCP-00004,P08,638.37,159.59,2.8124,0.0,SHR-NODE-0017,0.8775
NODE-0017,RCP-00004,P09,624.43,156.11,2.8172,0.0,SHR-NODE-0017,0.8775
NODE-0017,RCP-00004,P10,618.79,154.7,2.8291,0.0,SHR-NODE-0017,0.8775
NODE-0017,RCP-00004,P11,622.6,155.65,2.8453,0.0,SHR-NODE-0017,0.8775
NODE-0017,RCP-00004,P12,635.09,158.77,2.8618,0.15,SHR-NODE-0017,0.8775
NODE-0015,RCP-00005,P01,558.82,139.7,3.1379,0.0,SHR-NODE-0015,0.8684
NODE-0015,RCP-00005,P02,543.09,135.77,3.1241,0.15,SHR-NODE-0015,0.8684
NODE-0015,RCP-00005,P03,532.8,133.2,3.1061,0.0,SHR-NODE-0015,0.8684
NODE-0015,RCP-00005,P04,530.01,132.5,3.0884,0.0,SHR-NODE-0015,0.8684
NODE-0015,RCP-00005,P05,535.3,133.83,3.0752,0.0,SHR-NODE-0015,0.8684
NODE-0015,RCP-00005,P06,547.6,136.9,3.0698,0.0,SHR-NODE-0015,0.8684
NODE-0015,RCP-00005,P07,564.4,141.1,3.0736,0.0,SHR-NODE-0015,0.8684
NODE-0015,RCP-00005,P08,582.3,145.58,3.0855,0.0,SHR-NODE-0015,0.8684
NODE-0015,RCP-00005,P09,597.66,149.42,3.1028,0.0,SHR-NODE-0015,0.8684
NODE-0015,RCP-00005,P10,607.36,151.84,3.121,0.0,SHR-NODE-0015,0.8684
NODE-0015,RCP-00005,P11,609.43,152.36,3.1359,0.0,SHR-NODE-0015,0.8684
NODE-0015,RCP-00005,P12,603.45,150.86,3.1437,0.0,SHR-NODE-0015,0.8684
NODE-0018,RCP-00006,P01,811.13,202.78,2.8064,0.0,SHR-NODE-0018,0.8262
NODE-0018,RCP-00006,P02,827.54,206.89,2.7983,0.0,SHR-NODE-0018,0.8262
NODE-0018,RCP-00006,P03,834.26,208.56,2.7843,0.0,SHR-NODE-0018,0.8262
NODE-0018,RCP-00006,P04,829.9,207.47,2.7678,0.0,SHR-NODE-0018,0.8262
NODE-0018,RCP-00006,P05,815.35,203.84,2.753,0.0,SHR-NODE-0018,0.8262
NODE-0018,RCP-00006,P06,793.57,198.39,2.7433,0.0,SHR-NODE-0018,0.8262
NODE-0018,RCP-00006,P07,768.99,192.25,2.7413,0.0,SHR-NODE-0018,0.8262
NODE-0018,RCP-00006,P08,746.58,186.65,2.7474,0.0,SHR-NODE-0018,0.8262
NODE-0018,RCP-00006,P09,730.91,182.73,2.76,0.15,SHR-NODE-0018,0.8262
NODE-0018,RCP-00006,P10,725.16,181.29,2.7762,0.0,SHR-NODE-0018,0.8262
NODE-0018,RCP-00006,P11,730.49,182.62,2.7919,0.0,SHR-NODE-0018,0.8262
NODE-0018,RCP-00006,P12,745.82,186.46,2.8033,0.0,SHR-NODE-0018,0.8262
NODE-0016,RCP-00007,P01,667.78,166.94,2.2804,0.0,SHR-NODE-0016,0.8572
NODE-0016,RCP-00007,P02,649.15,162.29,2.2706,0.0,SHR-NODE-0016,0.8572
NODE-0016,RCP-00007,P03,628.95,157.24,2.2576,0.0,SHR-NODE-0016,0.8572
NODE-0016,RCP-00007,P04,611.27,152.82,2.2446,0.0,SHR-NODE-0016,0.8572
NODE-0016,RCP-00007,P05,599.71,149.93,2.2348,0.0,SHR-NODE-0016,0.8572
NODE-0016,RCP-00007,P06,596.61,149.15,2.2306,0.15,SHR-NODE-0016,0.8572
NODE-0016,RCP-00007,P07,602.6,150.65,2.233,0.0,SHR-NODE-0016,0.8572
NODE-0016,RCP-00007,P08,616.47,154.12,2.2414,0.0,SHR-NODE-0016,0.8572
NODE-0016,RCP-00007,P09,635.4,158.85,2.2538,0.0,SHR-NODE-0016,0.8572
NODE-0016,RCP-00007,P10,655.55,163.89,2.2671,0.0,SHR-NODE-0016,0.8572
NODE-0016,RCP-00007,P11,672.81,168.2,2.2781,0.0,SHR-NODE-0016,0.8572
NODE-0016,RCP-00007,P12,683.7,170.92,2.2841,0.0,SHR-NODE-0016,0.8572
NODE-0019,RCP-00008,P01,687.25,171.81,2.116,0.15,SHR-NODE-0019,0.9667
NODE-0019,RCP-00008,P02,665.86,166.47,2.1198,0.0,SHR-NODE-0019,0.9667
NODE-0019,RCP-00008,P03,647.42,161.86,2.1174,0.0,SHR-NODE-0019,0.9667
NODE-0019,RCP-00008,P04,635.67,158.92,2.1094,0.0,SHR-NODE-0019,0.9667
NODE-0019,RCP-00008,P05,633.0,158.25,2.0979,0.0,SHR-NODE-0019,0.9667
NODE-0019,RCP-00008,P06,639.95,159.99,2.0855,0.0,SHR-NODE-0019,0.9667
NODE-0019,RCP-00008,P07,655.11,163.78,2.0754,0.15,SHR-NODE-0019,0.9667
NODE-0019,RCP-00008,P08,675.4,168.85,2.07,0.0,SHR-NODE-0019,0.9667
NODE-0019,RCP-00008,P09,696.7,174.18,2.0707,0.0,SHR-NODE-0019,0.9667
NODE-0019,RCP-00008,P10,714.69,178.67,2.0772,0.15,SHR-NODE-0019,0.9667
NODE-0019,RCP-00008,P11,725.71,181.43,2.088,0.0,SHR-NODE-0019,0.9667
NODE-0019,RCP-00008,P12,727.52,181.88,2.1004,0.15,SHR-NODE-0019,0.9667
NODE-0017,RCP-00009,P01,690.72,172.68,2.7125,0.0,SHR-NODE-0017,1.0871
NODE-0017,RCP-00009,P02,705.28,176.32,2.702,0.0,SHR-NODE-0017,1.0871
NODE-0017,RCP-00009,P03,711.72,177.93,2.687,0.0,SHR-NODE-0017,1.0871
NODE-0017,RCP-00009,P04,708.74,177.19,2.6713,0.0,SHR-NODE-0017,1.0871
NODE-0017,RCP-00009,P05,696.95,174.24,2.6586,0.0,SHR-NODE-0017,1.0871
NODE-0017,RCP-00009,P06,678.73,169.68,2.6521,0.15,SHR-NODE-0017,1.0871
NODE-0017,RCP-00009,P07,657.78,164.45,2.6534,0.0,SHR-NODE-0017,1.0871
NODE-0017,RCP-00009,P08,638.37,159.59,2.6621,0.0,SHR-NODE-0017,1.0871
NODE-0017,RCP-00009,P09,624.43,156.11,2.6762,0.0,SHR-NODE-0017,1.0871
NODE-0017,RCP-00009,P10,618.79,154.7,2.6921,0.0,SHR-NODE-0017,1.0871
NODE-0017,RCP-00009,P11,622.6,155.65,2.706,0.0,SHR-NODE-0017,1.0871
NODE-0017,RCP-00009,P12,635.09,158.77,2.7145,0.15,SHR-NODE-0017,1.0871
NODE-0020,RCP-00010,P01,692.83,173.21,2.3839,0.0,SHR-NODE-0020,1.0711
NODE-0020,RCP-00010,P02,672.44,168.11,2.3731,0.0,SHR-NODE-0020,1.0711
NODE-0020,RCP-00010,P03,651.65,162.91,2.3681,0.0,SHR-NODE-0020,1.0711
NODE-0020,RCP-00010,P04,634.7,158.67,2.3701,0.15,SHR-NODE-0020,1.0711
NODE-0020,RCP-00010,P05,625.01,156.25,2.3786,0.0,SHR-NODE-0020,1.0711
NODE-0020,RCP-00010,P06,624.57,156.14,2.3916,0.0,SHR-NODE-0020,1.0711
NODE-0020,RCP-00010,P07,633.45,158.36,2.4058,0.15,SHR-NODE-0020,1.0711
NODE-0020,RCP-00010,P08,649.86,162.46,2.4177,0.0,SHR-NODE-0020,1.0711
NODE-0020,RCP-00010,P09,670.46,167.62,2.4246,0.0,SHR-NODE-0020,1.0711
NODE-0020,RCP-00010,P10,691.07,172.77,2.4246,0.0,SHR-NODE-0020,1.0711
NODE-0020,RCP-00010,P11,707.51,176.88,2.4178,0.0,SHR-NODE-0020,1.0711
NODE-0020,RCP-00010,P12,716.43,179.11,2.4058,0.0,SHR-NODE-0020,1.0711
NODE-0018,RCP-00011,P01,811.13,202.78,2.2989,0.0,SHR-NODE-0018,1.0656
NODE-0018,RCP-00011,P02,827.54,206.89,2.302,0.0,SHR-NODE-0018,1.0656
NODE-0018,RCP-00011,P03,834.26,208.56,2.2984,0.0,SHR-NODE-0018,1.0656
NODE-0018,RCP-00011,P04,829.9,207.47,2.289,0.0,SHR-NODE-0018,1.0656
NODE-0018,RCP-00011,P05,815.35,203.84,2.2762,0.0,SHR-NODE-0018,1.0656
NODE-0018,RCP-00011,P06,793.57,198.39,2.2629,0.0,SHR-NODE-0018,1.0656
NODE-0018,RCP-00011,P07,768.99,192.25,2.2526,0.0,SHR-NODE-0018,1.0656
NODE-0018,RCP-00011,P08,746.58,186.65,2.2476,0.0,SHR-NODE-0018,1.0656
NODE-0018,RCP-00011,P09,730.91,182.73,2.2493,0.15,SHR-NODE-0018,1.0656
NODE-0018,RCP-00011,P10,725.16,181.29,2.2573,0.0,SHR-NODE-0018,1.0656
NODE-0018,RCP-00011,P11,730.49,182.62,2.2694,0.0,SHR-NODE-0018,1.0656
NODE-0018,RCP-00011,P12,745.82,186.46,2.2829,0.0,SHR-NODE-0018,1.0656
NODE-0013,RCP-00012,P01,753.08,188.27,2.6883,0.0,SHR-NODE-0013,1.0502
NODE-0013,RCP-00012,P02,730.1,182.52,2.6828,0.15,SHR-NODE-0013,1.0502
NODE-0013,RCP-00012,P03,708.11,177.03,2.6709,0.0,SHR-NODE-0013,1.0502
NODE-0013,RCP-00012,P04,691.57,172.89,2.6555,0.0,SHR-NODE-0013,1.0502
NODE-0013,RCP-00012,P05,683.86,170.96,2.6404,0.0,SHR-NODE-0013,1.0502
NODE-0013,RCP-00012,P06,686.52,171.63,2.6292,0.0,SHR-NODE-0013,1.0502
NODE-0013,RCP-00012,P07,699.02,174.76,2.6248,0.0,SHR-NODE-0013,1.0502
NODE-0013,RCP-00012,P08,718.83,179.71,2.6281,0.0,SHR-NODE-0013,1.0502
NODE-0013,RCP-00012,P09,741.92,185.48,2.6384,0.0,SHR-NODE-0013,1.0502
NODE-0013,RCP-00012,P10,763.6,190.9,2.6532,0.0,SHR-NODE-0013,1.0502
NODE-0013,RCP-00012,P11,779.46,194.87,2.6688,0.0,SHR-NODE-0013,1.0502
NODE-0013,RCP-00012,P12,786.3,196.57,2.6815,0.0,SHR-NODE-0013,1.0502
NODE-0019,RCP-00013,P01,687.25,171.81,3.2273,0.15,SHR-NODE-0019,1.088
NODE-0019,RCP-00013,P02,665.86,166.47,3.2126,0.0,SHR-NODE-0019,1.088
NODE-0019,RCP-00013,P03,647.42,161.86,3.2057,0.0,SHR-NODE-0019,1.088
NODE-0019,RCP-00013,P04,635.67,158.92,3.2082,0.0,SHR-NODE-0019,1.088
NODE-0019,RCP-00013,P05,633.0,158.25,3.2196,0.0,SHR-NODE-0019,1.088
NODE-0019,RCP-00013,P06,639.95,159.99,3.2371,0.0,SHR-NODE-0019,1.088
NODE-0019,RCP-00013,P07,655.11,163.78,3.2563,0.15,SHR-NODE-0019,1.088
NODE-0019,RCP-00013,P08,675.4,168.85,3.2726,0.0,SHR-NODE-0019,1.088
NODE-0019,RCP-00013,P09,696.7,174.18,3.282,0.0,SHR-NODE-0019,1.088
NODE-0019,RCP-00013,P10,714.69,178.67,3.2821,0.15,SHR-NODE-0019,1.088
NODE-0019,RCP-00013,P11,725.71,181.43,3.2731,0.0,SHR-NODE-0019,1.088
NODE-0019,RCP-00013,P12,727.52,181.88,3.2569,0.15,SHR-NODE-0019,1.088
NODE-0014,RCP-00014,P01,741.7,185.43,2.7591,0.0,SHR-NODE-0014,0.8684
NODE-0014,RCP-00014,P02,756.37,189.09,2.7671,0.0,SHR-NODE-0014,0.8684
NODE-0014,RCP-00014,P03,762.06,190.52,2.7674,0.0,SHR-NODE-0014,0.8684
NODE-0014,RCP-00014,P04,757.64,189.41,2.7598,0.0,SHR-NODE-0014,0.8684
NODE-0014,RCP-00014,P05,743.99,186.0,2.7463,0.0,SHR-NODE-0014,0.8684
NODE-0014,RCP-00014,P06,723.9,180.97,2.7302,0.0,SHR-NODE-0014,0.8684
NODE-0014,RCP-00014,P07,701.43,175.36,2.7153,0.15,SHR-NODE-0014,0.8684
NODE-0014,RCP-00014,P08,681.16,170.29,2.7053,0.0,SHR-NODE-0014,0.8684
NODE-0014,RCP-00014,P09,667.19,166.8,2.7028,0.0,SHR-NODE-0014,0.8684
NODE-0014,RCP-00014,P10,662.37,165.59,2.7082,0.0,SHR-NODE-0014,0.8684
NODE-0014,RCP-00014,P11,667.68,166.92,2.7203,0.0,SHR-NODE-0014,0.8684
NODE-0014,RCP-00014,P12,682.03,170.51,2.7361,0.0,SHR-NODE-0014,0.8684
NODE-0020,RCP-00015,P01,692.83,173.21,2.5952,0.0,SHR-NODE-0020,0.8806
NODE-0020,RCP-00015,P02,672.44,168.11,2.5833,0.0,SHR-NODE-0020,0.8806
NODE-0020,RCP-00015,P03,651.65,162.91,2.5683,0.0,SHR-NODE-0020,0.8806
NODE-0020,RCP-00015,P04,634.7,158.67,2.5538,0.15,SHR-NODE-0020,0.8806
NODE-0020,RCP-00015,P05,625.01,156.25,2.5434,0.0,SHR-NODE-0020,0.8806
NODE-0020,RCP-00015,P06,624.57,156.14,2.5396,0.0,SHR-NODE-0020,0.8806
NODE-0020,RCP-00015,P07,633.45,158.36,2.5434,0.15,SHR-NODE-0020,0.8806
NODE-0020,RCP-00015,P08,649.86,162.46,2.5538,0.0,SHR-NODE-0020,0.8806
NODE-0020,RCP-00015,P09,670.46,167.62,2.5683,0.0,SHR-NODE-0020,0.8806
NODE-0020,RCP-00015,P10,691.07,172.77,2.5833,0.0,SHR-NODE-0020,0.8806
NODE-0020,RCP-00015,P11,707.51,176.88,2.5952,0.0,SHR-NODE-0020,0.8806
NODE-0020,RCP-00015,P12,716.43,179.11,2.601,0.0,SHR-NODE-0020,0.8806
NODE-0015,RCP-00016,P01,558.82,139.7,2.8626,0.0,SHR-NODE-0015,0.8861
NODE-0015,RCP-00016,P02,543.09,135.77,2.8694,0.15,SHR-NODE-0015,0.8861
NODE-0015,RCP-00016,P03,532.8,133.2,2.8681,0.0,SHR-NODE-0015,0.8861
NODE-0015,RCP-00016,P04,530.01,132.5,2.8588,0.0,SHR-NODE-0015,0.8861
NODE-0015,RCP-00016,P05,535.3,133.83,2.844,0.0,SHR-NODE-0015,0.8861
NODE-0015,RCP-00016,P06,547.6,136.9,2.8271,0.0,SHR-NODE-0015,0.8861
NODE-0015,RCP-00016,P07,564.4,141.1,2.8124,0.0,SHR-NODE-0015,0.8861
NODE-0015,RCP-00016,P08,582.3,145.58,2.8035,0.0,SHR-NODE-0015,0.8861
NODE-0015,RCP-00016,P09,597.66,149.42,2.8025,0.0,SHR-NODE-0015,0.8861
NODE-0015,RCP-00016,P10,607.36,151.84,2.8097,0.0,SHR-NODE-0015,0.8861
NODE-0015,RCP-00016,P11,609.43,152.36,2.8233,0.0,SHR-NODE-0015,0.8861
NODE-0015,RCP-00016,P12,603.45,150.86,2.8399,0.0,SHR-NODE-0015,0.8861
NODE-0024,RCP-00017,P01,809.58,202.39,8.5423,0.0,SHR-NODE-0024,1.121
NODE-0024,RCP-00017,P02,785.88,196.47,8.5638,0.0,SHR-NODE-0024,1.121
NODE-0024,RCP-00017,P03,769.17,192.29,8.5608,0.0,SHR-NODE-0024,1.121
NODE-0024,RCP-00017,P04,762.81,190.7,8.5341,0.0,SHR-NODE-0024,1.121
NODE-0024,RCP-00017,P05,768.12,192.03,8.4903,0.0,SHR-NODE-0024,1.121
NODE-0024,RCP-00017,P06,784.01,196.0,8.4401,0.0,SHR-NODE-0024,1.121
NODE-0024,RCP-00017,P07,807.25,201.81,8.3957,0.0,SHR-NODE-0024,1.121
NODE-0024,RCP-00017,P08,833.12,208.28,8.368,0.0,SHR-NODE-0024,1.121
NODE-0024,RCP-00017,P09,856.37,214.09,8.3639,0.0,SHR-NODE-0024,1.121
NODE-0024,RCP-00017,P10,872.28,218.07,8.3843,0.0,SHR-NODE-0024,1.121
NODE-0024,RCP-00017,P11,877.62,219.41,8.4242,0.0,SHR-NODE-0024,1.121
NODE-0024,RCP-00017,P12,871.3,217.83,8.4739,0.0,SHR-NODE-0024,1.121
NODE-0025,RCP-00018,P01,654.69,163.67,6.4648,0.0,,
NODE-0025,RCP-00018,P02,634.32,158.58,6.4305,0.0,,
NODE-0025,RCP-00018,P03,616.32,154.08,6.3925,0.0,,
NODE-0025,RCP-00018,P04,604.34,151.09,6.36,0.0,,
NODE-0025,RCP-00018,P05,600.81,150.2,6.341,0.0,,
NODE-0025,RCP-00018,P06,606.46,151.61,6.3402,0.0,,
NODE-0025,RCP-00018,P07,620.12,155.03,6.3577,0.0,,
NODE-0025,RCP-00018,P08,639.04,159.76,6.3893,0.0,,
NODE-0025,RCP-00018,P09,659.36,164.84,6.4272,0.0,,
NODE-0025,RCP-00018,P10,676.96,169.24,6.4622,0.15,,
NODE-0025,RCP-00018,P11,688.27,172.07,6.4856,0.0,,
NODE-0025,RCP-00018,P12,690.99,172.75,6.4918,0.0,,
NODE-0027,RCP-00019,P01,884.41,221.1,6.8027,0.0,SHR-NODE-0027,0.848
NODE-0027,RCP-00019,P02,882.03,220.51,6.8052,0.0,SHR-NODE-0027,0.848
NODE-0027,RCP-00019,P03,868.49,217.12,6.7882,0.0,SHR-NODE-0027,0.848
NODE-0027,RCP-00019,P04,846.53,211.63,6.7561,0.0,SHR-NODE-0027,0.848
NODE-0027,RCP-00019,P05,820.62,205.15,6.7165,0.0,SHR-NODE-0027,0.848
NODE-0027,RCP-00019,P06,796.01,199.0,6.6792,0.0,SHR-NODE-0027,0.848
NODE-0027,RCP-00019,P07,777.71,194.43,6.6534,0.0,SHR-NODE-0027,0.848
NODE-0027,RCP-00019,P08,769.43,192.36,6.6453,0.0,SHR-NODE-0027,0.848
NODE-0027,RCP-00019,P09,772.85,193.21,6.657,0.0,SHR-NODE-0027,0.848
NODE-0027,RCP-00019,P10,787.28,196.82,6.6855,0.0,SHR-NODE-0027,0.848
NODE-0027,RCP-00019,P11,809.78,202.45,6.724,0.0,SHR-NODE-0027,0.848
NODE-0027,RCP-00019,P12,835.8,208.95,6.7629,0.0,SHR-NODE-0027,0.848
NODE-0028,RCP-00020,P01,721.11,180.28,5.3649,0.0,SHR-NODE-0028,0.9805
NODE-0028,RCP-00020,P02,734.06,183.52,5.3359,0.0,SHR-NODE-0028,0.9805
NODE-0028,RCP-00020,P03,738.02,184.51,5.3171,0.0,SHR-NODE-0028,0.9805
NODE-0028,RCP-00020,P04,732.18,183.05,5.3129,0.0,SHR-NODE-0028,0.9805
NODE-0028,RCP-00020,P05,717.74,179.43,5.3243,0.15,SHR-NODE-0028,0.9805
NODE-0028,RCP-00020,P06,697.61,174.4,5.3487,0.0,SHR-NODE-0028,0.9805
NODE-0028,RCP-00020,P07,675.9,168.97,5.38,0.0,SHR-NODE-0028,0.9805
NODE-0028,RCP-00020,P08,657.0,164.25,5.4105,0.0,SHR-NODE-0028,0.9805
NODE-0028,RCP-00020,P09,644.77,161.19,5.4328,0.0,SHR-NODE-0028,0.9805
NODE-0028,RCP-00020,P10,641.67,160.42,5.4414,0.0,SHR-NODE-0028,0.9805
NODE-0028,RCP-00020,P11,648.34,162.09,5.4343,0.0,SHR-NODE-0028,0.9805
NODE-0028,RCP-00020,P12,663.43,165.86,5.4131,0.0,SHR-NODE-0028,0.9805
NODE-0023,RCP-00021,P01,848.01,212.0,8.64,0.0,SHR-NODE-0023,1.1424
NODE-0023,RCP-00021,P02,827.91,206.98,8.6594,0.0,SHR-NODE-0023,1.1424
NODE-0023,RCP-00021,P03,803.05,200.76,8.6539,0.0,SHR-NODE-0023,1.1424
NODE-0023,RCP-00021,P04,778.48,194.62,8.6249,0.0,SHR-NODE-0023,1.1424
NODE-0023,RCP-00021,P05,759.19,189.8,8.5794,0.0,SHR-NODE-0023,1.1424
NODE-0023,RCP-00021,P06,749.09,187.27,8.5287,0.0,SHR-NODE-0023,1.1424
NODE-0023,RCP-00021,P07,750.24,187.56,8.485,0.0,SHR-NODE-0023,1.1424
NODE-0023,RCP-00021,P08,762.41,190.6,8.4592,0.0,SHR-NODE-0023,1.1424
NODE-0023,RCP-00021,P09,783.12,195.78,8.4575,0.0,SHR-NODE-0023,1.1424
NODE-0023,RCP-00021,P10,808.16,202.04,8.4803,0.0,SHR-NODE-0023,1.1424
NODE-0023,RCP-00021,P11,832.46,208.12,8.5222,0.0,SHR-NODE-0023,1.1424
NODE-0023,RCP-00021,P12,851.08,212.77,8.5727,0.0,SHR-NODE-0023,1.1424
NODE-0026,RCP-00022,P01,716.4,179.1,6.1901,0.0,SHR-NODE-0026,1.085
NODE-0026,RCP-00022,P02,694.27,173.57,6.1589,0.0,SHR-NODE-0026,1.085
NODE-0026,RCP-00022,P03,676.27,169.07,6.1412,0.0,SHR-NODE-0026,1.085
NODE-0026,RCP-00022,P04,666.06,166.52,6.141,0.0,SHR-NODE-0026,1.085
NODE-0026,RCP-00022,P05,665.71,166.43,6.1586,0.0,SHR-NODE-0026,1.085
NODE-0026,RCP-00022,P06,675.29,168.82,6.1896,0.0,SHR-NODE-0026,1.085
NODE-0026,RCP-00022,P07,692.86,173.21,6.2264,0.0,SHR-NODE-0026,1.085
NODE-0026,RCP-00022,P08,714.84,178.71,6.26,0.0,SHR-NODE-0026,1.085
NODE-0026,RCP-00022,P09,736.78,184.2,6.2822,0.0,SHR-NODE-0026,1.085
NODE-0026,RCP-00022,P10,754.22,188.56,6.2875,0.0,SHR-NODE-0026,1.085
NODE-0026,RCP-00022,P11,763.62,190.9,6.2747,0.0,SHR-NODE-0026,1.085
NODE-0026,RCP-00022,P12,763.06,190.77,6.2468,0.0,SHR-NODE-0026,1.085
NODE-0024,RCP-00023,P01,809.58,202.39,5.5803,0.0,SHR-NODE-0024,0.8828
NODE-0024,RCP-00023,P02,785.88,196.47,5.5612,0.0,SHR-NODE-0024,0.8828
NODE-0024,RCP-00023,P03,769.17,192.29,5.5316,0.0,SHR-NODE-0024,0.8828
NODE-0024,RCP-00023,P04,762.81,190.7,5.4989,0.0,SHR-NODE-0024,0.8828
NODE-0024,RCP-00023,P05,768.12,192.03,5.471,0.0,SHR-NODE-0024,0.8828
NODE-0024,RCP-00023,P06,784.01,196.0,5.4548,0.0,SHR-NODE-0024,0.8828
NODE-0024,RCP-00023,P07,807.25,201.81,5.4542,0.0,SHR-NODE-0024,0.8828
NODE-0024,RCP-00023,P08,833.12,208.28,5.4694,0.0,SHR-NODE-0024,0.8828
NODE-0024,RCP-00023,P09,856.37,214.09,5.4966,0.0,SHR-NODE-0024,0.8828
NODE-0024,RCP-00023,P10,872.28,218.07,5.5292,0.0,SHR-NODE-0024,0.8828
NODE-0024,RCP-00023,P11,877.62,219.41,5.5593,0.0,SHR-NODE-0024,0.8828
NODE-0024,RCP-00023,P12,871.3,217.83,5.5794,0.0,SHR-NODE-0024,0.8828
NODE-0027,RCP-00024,P01,884.41,221.1,7.0681,0.0,SHR-NODE-0027,1.1004
NODE-0027,RCP-00024,P02,882.03,220.51,7.0759,0.0,SHR-NODE-0027,1.1004
NODE-0027,RCP-00024,P03,868.49,217.12,7.0632,0.0,SHR-NODE-0027,1.1004
NODE-0027,RCP-00024,P04,846.53,211.63,7.0331,0.0,SHR-NODE-0027,1.1004
NODE-0027,RCP-00024,P05,820.62,205.15,6.9929,0.0,SHR-NODE-0027,1.1004
NODE-0027,RCP-00024,P06,796.01,199.0,6.9526,0.0,SHR-NODE-0027,1.1004
NODE-0027,RCP-00024,P07,777.71,194.43,6.922,0.0,SHR-NODE-0027,1.1004
NODE-0027,RCP-00024,P08,769.43,192.36,6.9085,0.0,SHR-NODE-0027,1.1004
NODE-0027,RCP-00024,P09,772.85,193.21,6.9155,0.0,SHR-NODE-0027,1.1004
NODE-0027,RCP-00024,P10,787.28,196.82,6.9413,0.0,SHR-NODE-0027,1.1004
NODE-0027,RCP-00024,P11,809.78,202.45,6.9796,0.0,SHR-NODE-0027,1.1004
NODE-0027,RCP-00024,P12,835.8,208.95,7.0209,0.0,SHR-NODE-0027,1.1004
NODE-0024,RCP-00025,P01,809.58,202.39,7.1631,0.0,SHR-NODE-0024,0.9153
NODE-0024,RCP-00025,P02,785.88,196.47,7.187,0.0,SHR-NODE-0024,0.9153
NODE-0024,RCP-00025,P03,769.17,192.29,7.1913,0.0,SHR-NODE-0024,0.9153
NODE-0024,RCP-00025,P04,762.81,190.7,7.1748,0.0,SHR-NODE-0024,0.9153
NODE-0024,RCP-00025,P05,768.12,192.03,7.1418,0.0,SHR-NODE-0024,0.9153
NODE-0024,RCP-00025,P06,784.01,196.0,7.1002,0.0,SHR-NODE-0024,0.9153
NODE-0024,RCP-00025,P07,807.25,201.81,7.0603,0.0,SHR-NODE-0024,0.9153
NODE-0024,RCP-00025,P08,833.12,208.28,7.0318,0.0,SHR-NODE-0024,0.9153
NODE-0024,RCP-00025,P09,856.37,214.09,7.0216,0.0,SHR-NODE-0024,0.9153
NODE-0024,RCP-00025,P10,872.28,218.07,7.0324,0.0,SHR-NODE-0024,0.9153
NODE-0024,RCP-00025,P11,877.62,219.41,7.0614,0.0,SHR-NODE-0024,0.9153
NODE-0024,RCP-00025,P12,871.3,217.83,7.1015,0.0,SHR-NODE-0024,0.9153
NODE-0027,RCP-00026,P01,884.41,221.1,6.0939,0.0,SHR-NODE-0027,1.1155
NODE-0027,RCP-00026,P02,882.03,220.51,6.0612,0.0,SHR-NODE-0027,1.1155
NODE-0027,RCP-00026,P03,868.49,217.12,6.0254,0.0,SHR-NODE-0027,1.1155
NODE-0027,RCP-00026,P04,846.53,211.63,5.9952,0.0,SHR-NODE-0027,1.1155
NODE-0027,RCP-00026,P05,820.62,205.15,5.9781,0.0,SHR-NODE-0027,1.1155
NODE-0027,RCP-00026,P06,796.01,199.0,5.9781,0.0,SHR-NODE-0027,1.1155
NODE-0027,RCP-00026,P07,777.71,194.43,5.9954,0.0,SHR-NODE-0027,1.1155
NODE-0027,RCP-00026,P08,769.43,192.36,6.0257,0.0,SHR-NODE-0027,1.1155
NODE-0027,RCP-00026,P09,772.85,193.21,6.0615,0.0,SHR-NODE-0027,1.1155
NODE-0027,RCP-00026,P10,787.28,196.82,6.0941,0.0,SHR-NODE-0027,1.1155
NODE-0027,RCP-00026,P11,809.78,202.45,6.1155,0.0,SHR-NODE-0027,1.1155
NODE-0027,RCP-00026,P12,835.8,208.95,6.1206,0.0,SHR-NODE-0027,1.1155
NODE-0026,RCP-00027,P01,716.4,179.1,6.3855,0.0,SHR-NODE-0026,0.8404
NODE-0026,RCP-00027,P02,694.27,173.57,6.3477,0.0,SHR-NODE-0026,0.8404
NODE-0026,RCP-00027,P03,676.27,169.07,6.3139,0.0,SHR-NODE-0026,0.8404
NODE-0026,RCP-00027,P04,666.06,166.52,6.2922,0.0,SHR-NODE-0026,0.8404
NODE-0026,RCP-00027,P05,665.71,166.43,6.2881,0.0,SHR-NODE-0026,0.8404
NODE-0026,RCP-00027,P06,675.29,168.82,6.3024,0.0,SHR-NODE-0026,0.8404
NODE-0026,RCP-00027,P07,692.86,173.21,6.3318,0.0,SHR-NODE-0026,0.8404
NODE-0026,RCP-00027,P08,714.84,178.71,6.3689,0.0,SHR-NODE-0026,0.8404
NODE-0026,RCP-00027,P09,736.78,184.2,6.4048,0.0,SHR-NODE-0026,0.8404
NODE-0026,RCP-00027,P10,754.22,188.56,6.4306,0.0,SHR-NODE-0026,0.8404
NODE-0026,RCP-00027,P11,763.62,190.9,6.44,0.0,SHR-NODE-0026,0.8404
NODE-0026,RCP-00027,P12,763.06,190.77,6.4308,0.0,SHR-NODE-0026,0.8404
NODE-0021,RCP-00028,P01,770.74,192.69,6.5464,0.0,,
NODE-0021,RCP-00028,P02,785.95,196.49,6.5262,0.0,,
NODE-0021,RCP-00028,P03,791.84,197.96,6.4928,0.0,,
NODE-0021,RCP-00028,P04,787.22,196.8,6.4544,0.15,,
NODE-0021,RCP-00028,P05,773.02,193.25,6.4203,0.0,,
NODE-0021,RCP-00028,P06,752.12,188.03,6.399,0.0,,
NODE-0021,RCP-00028,P07,728.78,182.19,6.3955,0.0,,
NODE-0021,RCP-00028,P08,707.72,176.93,6.4108,0.0,,
NODE-0021,RCP-00028,P09,693.24,173.31,6.4412,0.0,,
NODE-0021,RCP-00028,P10,688.26,172.06,6.4791,0.0,,
NODE-0021,RCP-00028,P11,693.8,173.45,6.5154,0.0,,
NODE-0021,RCP-00028,P12,708.74,177.18,6.541,0.0,,
NODE-0027,RCP-00029,P01,884.41,221.1,8.4301,0.0,SHR-NODE-0027,0.9311
NODE-0027,RCP-00029,P02,882.03,220.51,8.389,0.0,SHR-NODE-0027,0.9311
NODE-0027,RCP-00029,P03,868.49,217.12,8.3397,0.0,SHR-NODE-0027,0.9311
NODE-0027,RCP-00029,P04,846.53,211.63,8.2941,0.0,SHR-NODE-0027,0.9311
NODE-0027,RCP-00029,P05,820.62,205.15,8.2634,0.0,SHR-NODE-0027,0.9311
NODE-0027,RCP-00029,P06,796.01,199.0,8.2552,0.0,SHR-NODE-0027,0.9311
NODE-0027,RCP-00029,P07,777.71,194.43,8.2715,0.0,SHR-NODE-0027,0.9311
NODE-0027,RCP-00029,P08,769.43,192.36,8.3083,0.0,SHR-NODE-0027,0.9311
NODE-0027,RCP-00029,P09,772.85,193.21,8.3565,0.0,SHR-NODE-0027,0.9311
NODE-0027,RCP-00029,P10,787.28,196.82,8.4044,0.0,SHR-NODE-0027,0.9311
NODE-0027,RCP-00029,P11,809.78,202.45,8.4402,0.0,SHR-NODE-0027,0.9311
NODE-0027,RCP-00029,P12,835.8,208.95,8.4552,0.0,SHR-NODE-0027,0.9311
NODE-0022,RCP-00030,P01,751.3,187.83,6.9215,0.0,,
NODE-0022,RCP-00030,P02,760.77,190.19,6.9379,0.0,,
NODE-0022,RCP-00030,P03,760.34,190.09,6.9344,0.0,,
NODE-0022,RCP-00030,P04,750.09,187.52,6.9119,0.0,,
NODE-0022,RCP-00030,P05,732.11,183.03,6.8759,0.0,,
NODE-0022,RCP-00030,P06,710.04,177.51,6.8352,0.0,,
NODE-0022,RCP-00030,P07,688.38,172.09,6.7998,0.0,,
NODE-0022,RCP-00030,P08,671.51,167.88,6.7783,0.0,,
NODE-0022,RCP-00030,P09,662.87,165.72,6.776,0.0,,
NODE-0022,RCP-00030,P10,664.2,166.05,6.7935,0.0,,
NODE-0022,RCP-00030,P11,675.25,168.81,6.8264,0.0,,
NODE-0022,RCP-00030,P12,693.75,173.44,6.8668,0.0,,
NODE-0028,RCP-00031,P01,721.11,180.28,5.8036,0.0,SHR-NODE-0028,0.9102
NODE-0028,RCP-00031,P02,734.06,183.52,5.8112,0.0,SHR-NODE-0028,0.9102
NODE-0028,RCP-00031,P03,738.02,184.51,5.8019,0.0,SHR-NODE-0028,0.9102
NODE-0028,RCP-00031,P04,732.18,183.05,5.778,0.0,SHR-NODE-0028,0.9102
NODE-0028,RCP-00031,P05,717.74,179.43,5.7454,0.15,SHR-NODE-0028,0.9102
NODE-0028,RCP-00031,P06,697.61,174.4,5.712,0.0,SHR-NODE-0028,0.9102
NODE-0028,RCP-00031,P07,675.9,168.97,5.686,0.0,SHR-NODE-0028,0.9102
NODE-0028,RCP-00031,P08,657.0,164.25,5.6738,0.0,SHR-NODE-0028,0.9102
NODE-0028,RCP-00031,P09,644.77,161.19,5.6784,0.0,SHR-NODE-0028,0.9102
NODE-0028,RCP-00031,P10,641.67,160.42,5.6986,0.0,SHR-NODE-0028,0.9102
NODE-0028,RCP-00031,P11,648.34,162.09,5.7295,0.0,SHR-NODE-0028,0.9102
NODE-0028,RCP-00031,P12,663.43,165.86,5.7635,0.0,SHR-NODE-0028,0.9102
NODE-0023,RCP-00032,P01,848.01,212.0,6.1631,0.0,SHR-NODE-0023,0.8434
NODE-0023,RCP-00032,P02,827.91,206.98,6.1289,0.0,SHR-NODE-0023,0.8434
NODE-0023,RCP-00032,P03,803.05,200.76,6.1053,0.0,SHR-NODE-0023,0.8434
NODE-0023,RCP-00032,P04,778.48,194.62,6.098,0.0,SHR-NODE-0023,0.8434
NODE-0023,RCP-00032,P05,759.19,189.8,6.1088,0.0,SHR-NODE-0023,0.8434
NODE-0023,RCP-00032,P06,749.09,187.27,6.135,0.0,SHR-NODE-0023,0.8434
NODE-0023,RCP-00032,P07,750.24,187.56,6.1703,0.0,SHR-NODE-0023,0.8434
NODE-0023,RCP-00032,P08,762.41,190.6,6.206,0.0,SHR-NODE-0023,0.8434
NODE-0023,RCP-00032,P09,783.12,195.78,6.2334,0.0,SHR-NODE-0023,0.8434
NODE-0023,RCP-00032,P10,808.16,202.04,6.2457,0.0,SHR-NODE-0023,0.8434
NODE-0023,RCP-00032,P11,832.46,208.12,6.24,0.0,SHR-NODE-0023,0.8434
NODE-0023,RCP-00032,P12,851.08,212.77,6.2176,0.0,SHR-NODE-0023,0.8434
NODE-0029,RCP-00033,P01,582.27,145.57,11.7287,0.0,SHR-NODE-0029,0.8665
NODE-0029,RCP-00033,P02,564.24,141.06,11.6689,0.0,SHR-NODE-0029,0.8665
NODE-0029,RCP-00033,P03,547.79,136.95,11.6336,0.0,SHR-NODE-0029,0.8665
NODE-0029,RCP-00033,P04,536.26,134.07,11.6316,0.0,SHR-NODE-0029,0.8665
NODE-0029,RCP-00033,P05,532.01,133.0,11.6633,0.0,SHR-NODE-0029,0.8665
NODE-0029,RCP-00033,P06,535.88,133.97,11.721,0.0,SHR-NODE-0029,0.8665
NODE-0029,RCP-00033,P07,547.1,136.78,11.7906,0.0,SHR-NODE-0029,0.8665
NODE-0029,RCP-00033,P08,563.39,140.85,11.8549,0.0,SHR-NODE-0029,0.8665
NODE-0029,RCP-00033,P09,581.43,145.36,11.8983,0.0,SHR-NODE-0029,0.8665
NODE-0029,RCP-00033,P10,597.57,149.39,11.9102,0.15,SHR-NODE-0029,0.8665
NODE-0029,RCP-00033,P11,608.53,152.13,11.8875,0.0,SHR-NODE-0029,0.8665
NODE-0029,RCP-00033,P12,612.08,153.02,11.836,0.15,SHR-NODE-0029,0.8665
NODE-0031,RCP-00034,P01,754.06,188.51,11.8434,0.0,SHR-NODE-0031,1.0078
NODE-0031,RCP-00034,P02,754.46,188.62,11.8407,0.0,SHR-NODE-0031,1.0078
NODE-0031,RCP-00034,P03,745.05,186.26,11.8051,0.0,SHR-NODE-0031,1.0078
NODE-0031,RCP-00034,P04,727.73,181.93,11.7452,0.15,SHR-NODE-0031,1.0078
NODE-0031,RCP-00034,P05,706.02,176.51,11.6758,0.0,SHR-NODE-0031,1.0078
NODE-0031,RCP-00034,P06,684.33,171.08,11.6137,0.0,SHR-NODE-0031,1.0078
NODE-0031,RCP-00034,P07,667.06,166.76,11.5743,0.0,SHR-NODE-0031,1.0078
NODE-0031,RCP-00034,P08,657.72,164.43,11.5671,0.15,SHR-NODE-0031,1.0078
NODE-0031,RCP-00034,P09,658.21,164.55,11.594,0.0,SHR-NODE-0031,1.0078
NODE-0031,RCP-00034,P10,668.43,167.11,11.6483,0.0,SHR-NODE-0031,1.0078
NODE-0031,RCP-00034,P11,686.3,171.57,11.7167,0.0,SHR-NODE-0031,1.0078
NODE-0031,RCP-00034,P12,708.19,177.05,11.7826,0.15,SHR-NODE-0031,1.0078
NODE-0030,RCP-00035,P01,724.38,181.09,16.0049,0.0,SHR-NODE-0030,1.0182
NODE-0030,RCP-00035,P02,740.7,185.17,15.9686,0.15,SHR-NODE-0030,1.0182
NODE-0030,RCP-00035,P03,748.83,187.21,15.8951,0.0,SHR-NODE-0030,1.0182
NODE-0030,RCP-00035,P04,747.11,186.78,15.8026,0.0,SHR-NODE-0030,1.0182
NODE-0030,RCP-00035,P05,735.9,183.97,15.7137,0.15,SHR-NODE-0030,1.0182
NODE-0030,RCP-00035,P06,717.47,179.37,15.6501,0.0,SHR-NODE-0030,1.0182
NODE-0030,RCP-00035,P07,695.56,173.89,15.6273,0.0,SHR-NODE-0030,1.0182
NODE-0030,RCP-00035,P08,674.62,168.66,15.6511,0.0,SHR-NODE-0030,1.0182
NODE-0030,RCP-00035,P09,658.91,164.73,15.7155,0.0,SHR-NODE-0030,1.0182
NODE-0030,RCP-00035,P10,651.62,162.9,15.8049,0.0,SHR-NODE-0030,1.0182
NODE-0030,RCP-00035,P11,654.22,163.55,15.8972,0.0,SHR-NODE-0030,1.0182
NODE-0030,RCP-00035,P12,666.19,166.55,15.9699,0.0,SHR-NODE-0030,1.0182
NODE-0032,RCP-00036,P01,708.93,177.23,10.5051,0.0,SHR-NODE-0032,0.9659
NODE-0032,RCP-00036,P02,687.58,171.89,10.4935,0.15,SHR-NODE-0032,0.9659
NODE-0032,RCP-00036,P03,666.59,166.65,10.4543,0.0,SHR-NODE-0032,0.9659
NODE-0032,RCP-00036,P04,650.24,162.56,10.3971,0.0,SHR-NODE-0032,0.9659
NODE-0032,RCP-00036,P05,641.84,160.46,10.3359,0.0,SHR-NODE-0032,0.9659
NODE-0032,RCP-00036,P06,643.1,160.78,10.2857,0.0,SHR-NODE-0032,0.9659
NODE-0032,RCP-00036,P07,653.77,163.44,10.2587,0.0,SHR-NODE-0032,0.9659
NODE-0032,RCP-00036,P08,671.67,167.92,10.2617,0.0,SHR-NODE-0032,0.9659
NODE-0032,RCP-00036,P09,693.18,173.29,10.2937,0.0,SHR-NODE-0032,0.9659
NODE-0032,RCP-00036,P10,713.92,178.48,10.3471,0.0,SHR-NODE-0032,0.9659
NODE-0032,RCP-00036,P11,729.68,182.42,10.4087,0.0,SHR-NODE-0032,0.9659
NODE-0032,RCP-00036,P12,737.27,184.32,10.4635,0.0,SHR-NODE-0032,0.9659
NODE-0031,RCP-00037,P01,754.06,188.51,12.9975,0.0,SHR-NODE-0031,0.9747
NODE-0031,RCP-00037,P02,754.46,188.62,12.9205,0.0,SHR-NODE-0031,0.9747
NODE-0031,RCP-00037,P03,745.05,186.26,12.8526,0.0,SHR-NODE-0031,0.9747
NODE-0031,RCP-00037,P04,727.73,181.93,12.8104,0.15,SHR-NODE-0031,0.9747
NODE-0031,RCP-00037,P05,706.02,176.51,12.8042,0.0,SHR-NODE-0031,0.9747
NODE-0031,RCP-00037,P06,684.33,171.08,12.8355,0.0,SHR-NODE-0031,0.9747
NODE-0031,RCP-00037,P07,667.06,166.76,12.8967,0.0,SHR-NODE-0031,0.9747
NODE-0031,RCP-00037,P08,657.72,164.43,12.9728,0.15,SHR-NODE-0031,0.9747
NODE-0031,RCP-00037,P09,658.21,164.55,13.0451,0.0,SHR-NODE-0031,0.9747
NODE-0031,RCP-00037,P10,668.43,167.11,13.096,0.0,SHR-NODE-0031,0.9747
NODE-0031,RCP-00037,P11,686.3,171.57,13.1129,0.0,SHR-NODE-0031,0.9747
NODE-0031,RCP-00037,P12,708.19,177.05,13.0918,0.15,SHR-NODE-0031,0.9747
NODE-0033,RCP-00038,P01,576.99,144.25,12.2045,0.0,SHR-NODE-0033,1.1656
NODE-0033,RCP-00038,P02,559.05,139.76,12.2222,0.0,SHR-NODE-0033,1.1656
NODE-0033,RCP-00038,P03,543.14,135.79,12.2044,0.15,SHR-NODE-0033,1.1656
NODE-0033,RCP-00038,P04,532.51,133.13,12.1555,0.0,SHR-NODE-0033,1.1656
NODE-0033,RCP-00038,P05,529.3,132.32,12.0874,0.0,SHR-NODE-0033,1.1656
NODE-0033,RCP-00038,P06,534.17,133.54,12.0169,0.0,SHR-NODE-0033,1.1656
NODE-0033,RCP-00038,P07,546.14,136.53,11.9611,0.0,SHR-NODE-0033,1.1656
NODE-0033,RCP-00038,P08,562.76,140.69,11.9338,0.0,SHR-NODE-0033,1.1656
NODE-0033,RCP-00038,P09,580.67,145.17,11.9416,0.0,SHR-NODE-0033,1.1656
NODE-0033,RCP-00038,P10,596.23,149.06,11.9827,0.0,SHR-NODE-0033,1.1656
NODE-0033,RCP-00038,P11,606.28,151.57,12.0469,0.0,SHR-NODE-0033,1.1656
NODE-0033,RCP-00038,P12,608.77,152.19,12.1185,0.0,SHR-NODE-0033,1.1656
NODE-0032,RCP-00039,P01,708.93,177.23,13.2706,0.0,SHR-NODE-0032,1.0918
NODE-0032,RCP-00039,P02,687.58,171.89,13.1979,0.15,SHR-NODE-0032,1.0918
NODE-0032,RCP-00039,P03,666.59,166.65,13.1202,0.0,SHR-NODE-0032,1.0918
NODE-0032,RCP-00039,P04,650.24,162.56,13.0567,0.0,SHR-NODE-0032,1.0918
NODE-0032,RCP-00039,P05,641.84,160.46,13.0228,0.0,SHR-NODE-0032,1.0918
NODE-0032,RCP-00039,P06,643.1,160.78,13.027,0.0,SHR-NODE-0032,1.0918
NODE-0032,RCP-00039,P07,653.77,163.44,13.068,0.0,SHR-NODE-0032,1.0918
NODE-0032,RCP-00039,P08,671.67,167.92,13.136,0.0,SHR-NODE-0032,1.0918
NODE-0032,RCP-00039,P09,693.18,173.29,13.2143,0.0,SHR-NODE-0032,1.0918
NODE-0032,RCP-00039,P10,713.92,178.48,13.2836,0.0,SHR-NODE-0032,1.0918
NODE-0032,RCP-00039,P11,729.68,182.42,13.3271,0.0,SHR-NODE-0032,1.0918
NODE-0032,RCP-00039,P12,737.27,184.32,13.334,0.0,SHR-NODE-0032,1.0918
NODE-0034,RCP-00040,P01,790.54,197.63,9.7874,0.0,SHR-NODE-0034,0.943
NODE-0034,RCP-00040,P02,769.22,192.3,9.7584,0.0,SHR-NODE-0034,0.943
NODE-0034,RCP-00040,P03,745.35,186.34,9.7091,0.0,SHR-NODE-0034,0.943
NODE-0034,RCP-00040,P04,723.78,180.95,9.6517,0.0,SHR-NODE-0034,0.943
NODE-0034,RCP-00040,P05,708.89,177.22,9.6002,0.0,SHR-NODE-0034,0.943
NODE-0034,RCP-00040,P06,703.7,175.93,9.5672,0.0,SHR-NODE-0034,0.943
NODE-0034,RCP-00040,P07,709.27,177.32,9.5608,0.0,SHR-NODE-0034,0.943
NODE-0034,RCP-00040,P08,724.46,181.12,9.5825,0.0,SHR-NODE-0034,0.943
NODE-0034,RCP-00040,P09,746.19,186.55,9.6271,0.0,SHR-NODE-0034,0.943
NODE-0034,RCP-00040,P10,770.05,192.51,9.6836,0.0,SHR-NODE-0034,0.943
NODE-0034,RCP-00040,P11,791.19,197.8,9.7382,0.0,SHR-NODE-0034,0.943
NODE-0034,RCP-00040,P12,805.32,201.33,9.7775,0.0,SHR-NODE-0034,0.943
NODE-0033,RCP-00041,P01,576.99,144.25,14.0393,0.0,SHR-NODE-0033,1.1489
NODE-0033,RCP-00041,P02,559.05,139.76,13.9945,0.0,SHR-NODE-0033,1.1489
NODE-0033,RCP-00041,P03,543.14,135.79,13.922,0.15,SHR-NODE-0033,1.1489
NODE-0033,RCP-00041,P04,532.51,133.13,13.8395,0.0,SHR-NODE-0033,1.1489
NODE-0033,RCP-00041,P05,529.3,132.32,13.7674,0.0,SHR-NODE-0033,1.1489
NODE-0033,RCP-00041,P06,534.17,133.54,13.7231,0.0,SHR-NODE-0033,1.1489
NODE-0033,RCP-00041,P07,546.14,136.53,13.7177,0.0,SHR-NODE-0033,1.1489
NODE-0033,RCP-00041,P08,562.76,140.69,13.7523,0.0,SHR-NODE-0033,1.1489
NODE-0033,RCP-00041,P09,580.67,145.17,13.8185,0.0,SHR-NODE-0033,1.1489
NODE-0033,RCP-00041,P10,596.23,149.06,13.9002,0.0,SHR-NODE-0033,1.1489
NODE-0033,RCP-00041,P11,606.28,151.57,13.9772,0.0,SHR-NODE-0033,1.1489
NODE-0033,RCP-00041,P12,608.77,152.19,14.0308,0.0,SHR-NODE-0033,1.1489
NODE-0029,RCP-00042,P01,582.27,145.57,12.9196,0.0,SHR-NODE-0029,1.0996
NODE-0029,RCP-00042,P02,564.24,141.06,12.8489,0.0,SHR-NODE-0029,1.0996
NODE-0029,RCP-00042,P03,547.79,136.95,12.7733,0.0,SHR-NODE-0029,1.0996
NODE-0029,RCP-00042,P04,536.26,134.07,12.7111,0.0,SHR-NODE-0029,1.0996
NODE-0029,RCP-00042,P05,532.01,133.0,12.6777,0.0,SHR-NODE-0029,1.0996
NODE-0029,RCP-00042,P06,535.88,133.97,12.6812,0.0,SHR-NODE-0029,1.0996
NODE-0029,RCP-00042,P07,547.1,136.78,12.7207,0.0,SHR-NODE-0029,1.0996
NODE-0029,RCP-00042,P08,563.39,140.85,12.7866,0.0,SHR-NODE-0029,1.0996
NODE-0029,RCP-00042,P09,581.43,145.36,12.8628,0.0,SHR-NODE-0029,1.0996
NODE-0029,RCP-00042,P10,597.57,149.39,12.9305,0.15,SHR-NODE-0029,1.0996
NODE-0029,RCP-00042,P11,608.53,152.13,12.9733,0.0,SHR-NODE-0029,1.0996
NODE-0029,RCP-00042,P12,612.08,153.02,12.9805,0.15,SHR-NODE-0029,1.0996
NODE-0034,RCP-00043,P01,790.54,197.63,10.7537,0.0,SHR-NODE-0034,0.8936
NODE-0034,RCP-00043,P02,769.22,192.3,10.7165,0.0,SHR-NODE-0034,0.8936
NODE-0034,RCP-00043,P03,745.35,186.34,10.6594,0.0,SHR-NODE-0034,0.8936
NODE-0034,RCP-00043,P04,723.78,180.95,10.5964,0.0,SHR-NODE-0034,0.8936
NODE-0034,RCP-00043,P05,708.89,177.22,10.5428,0.0,SHR-NODE-0034,0.8936
NODE-0034,RCP-00043,P06,703.7,175.93,10.5119,0.0,SHR-NODE-0034,0.8936
NODE-0034,RCP-00043,P07,709.27,177.32,10.5112,0.0,SHR-NODE-0034,0.8936
NODE-0034,RCP-00043,P08,724.46,181.12,10.5408,0.0,SHR-NODE-0034,0.8936
NODE-0034,RCP-00043,P09,746.19,186.55,10.5936,0.0,SHR-NODE-0034,0.8936
NODE-0034,RCP-00043,P10,770.05,192.51,10.6565,0.0,SHR-NODE-0034,0.8936
NODE-0034,RCP-00043,P11,791.19,197.8,10.7142,0.0,SHR-NODE-0034,0.8936
NODE-0034,RCP-00043,P12,805.32,201.33,10.7526,0.0,SHR-NODE-0034,0.8936
NODE-0030,RCP-00044,P01,724.38,181.09,9.958,0.0,SHR-NODE-0030,1.0851
NODE-0030,RCP-00044,P02,740.7,185.17,9.9868,0.15,SHR-NODE-0030,1.0851
NODE-0030,RCP-00044,P03,748.83,187.21,9.9877,0.0,SHR-NODE-0030,1.0851
NODE-0030,RCP-00044,P04,747.11,186.78,9.9603,0.0,SHR-NODE-0030,1.0851
NODE-0030,RCP-00044,P05,735.9,183.97,9.9114,0.15,SHR-NODE-0030,1.0851
NODE-0030,RCP-00044,P06,717.47,179.37,9.853,0.0,SHR-NODE-0030,1.0851
NODE-0030,RCP-00044,P07,695.56,173.89,9.7993,0.0,SHR-NODE-0030,1.0851
NODE-0030,RCP-00044,P08,674.62,168.66,9.7636,0.0,SHR-NODE-0030,1.0851
NODE-0030,RCP-00044,P09,658.91,164.73,9.7545,0.0,SHR-NODE-0030,1.0851
NODE-0030,RCP-00044,P10,651.62,162.9,9.7743,0.0,SHR-NODE-0030,1.0851
NODE-0030,RCP-00044,P11,654.22,163.55,9.8182,0.0,SHR-NODE-0030,1.0851
NODE-0030,RCP-00044,P12,666.19,166.55,9.8753,0.0,SHR-NODE-0030,1.0851
NODE-0029,RCP-00045,P01,582.27,145.57,15.1167,0.0,SHR-NODE-0029,1.0008
NODE-0029,RCP-00045,P02,564.24,141.06,15.1562,0.0,SHR-NODE-0029,1.0008
NODE-0029,RCP-00045,P03,547.79,136.95,15.1526,0.0,SHR-NODE-0029,1.0008
NODE-0029,RCP-00045,P04,536.26,134.07,15.1068,0.0,SHR-NODE-0029,1.0008
NODE-0029,RCP-00045,P05,532.01,133.0,15.0301,0.0,SHR-NODE-0029,1.0008
NODE-0029,RCP-00045,P06,535.88,133.97,14.9412,0.0,SHR-NODE-0029,1.0008
NODE-0029,RCP-00045,P07,547.1,136.78,14.8619,0.0,SHR-NODE-0029,1.0008
NODE-0029,RCP-00045,P08,563.39,140.85,14.8116,0.0,SHR-NODE-0029,1.0008
NODE-0029,RCP-00045,P09,581.43,145.36,14.8026,0.0,SHR-NODE-0029,1.0008
NODE-0029,RCP-00045,P10,597.57,149.39,14.8371,0.15,SHR-NODE-0029,1.0008
NODE-0029,RCP-00045,P11,608.53,152.13,14.9068,0.0,SHR-NODE-0029,1.0008
NODE-0029,RCP-00045,P12,612.08,153.02,14.9944,0.15,SHR-NODE-0029,1.0008
NODE-0031,RCP-00046,P01,754.06,188.51,10.2032,0.0,SHR-NODE-0031,0.9148
NODE-0031,RCP-00046,P02,754.46,188.62,10.1798,0.0,SHR-NODE-0031,0.9148
NODE-0031,RCP-00046,P03,745.05,186.26,10.1327,0.0,SHR-NODE-0031,0.9148
NODE-0031,RCP-00046,P04,727.73,181.93,10.0737,0.15,SHR-NODE-0031,0.9148
NODE-0031,RCP-00046,P05,706.02,176.51,10.0171,0.0,SHR-NODE-0031,0.9148
NODE-0031,RCP-00046,P06,684.33,171.08,9.9768,0.0,SHR-NODE-0031,0.9148
NODE-0031,RCP-00046,P07,667.06,166.76,9.9627,0.0,SHR-NODE-0031,0.9148
NODE-0031,RCP-00046,P08,657.72,164.43,9.9781,0.15,SHR-NODE-0031,0.9148
NODE-0031,RCP-00046,P09,658.21,164.55,10.0194,0.0,SHR-NODE-0031,0.9148
NODE-0031,RCP-00046,P10,668.43,167.11,10.0765,0.0,SHR-NODE-0031,0.9148
NODE-0031,RCP-00046,P11,686.3,171.57,10.1353,0.0,SHR-NODE-0031,0.9148
NODE-0031,RCP-00046,P12,708.19,177.05,10.1814,0.15,SHR-NODE-0031,0.9148
NODE-0030,RCP-00047,P01,724.38,181.09,13.3168,0.0,SHR-NODE-0030,0.8615
NODE-0030,RCP-00047,P02,740.7,185.17,13.2474,0.15,SHR-NODE-0030,0.8615
NODE-0030,RCP-00047,P03,748.83,187.21,13.169,0.0,SHR-NODE-0030,0.8615
NODE-0030,RCP-00047,P04,747.11,186.78,13.1007,0.0,SHR-NODE-0030,0.8615
NODE-0030,RCP-00047,P05,735.9,183.97,13.0593,0.15,SHR-NODE-0030,0.8615
NODE-0030,RCP-00047,P06,717.47,179.37,13.0549,0.0,SHR-NODE-0030,0.8615
NODE-0030,RCP-00047,P07,695.56,173.89,13.0886,0.0,SHR-NODE-0030,0.8615
NODE-0030,RCP-00047,P08,674.62,168.66,13.1521,0.0,SHR-NODE-0030,0.8615
NODE-0030,RCP-00047,P09,658.91,164.73,13.2299,0.0,SHR-NODE-0030,0.8615
NODE-0030,RCP-00047,P10,651.62,162.9,13.303,0.0,SHR-NODE-0030,0.8615
NODE-0030,RCP-00047,P11,654.22,163.55,13.3533,0.0,SHR-NODE-0030,0.8615
NODE-0030,RCP-00047,P12,666.19,166.55,13.3688,0.0,SHR-NODE-0030,0.8615
NODE-0032,RCP-00048,P01,708.93,177.23,10.5829,0.0,SHR-NODE-0032,1.1645
NODE-0032,RCP-00048,P02,687.58,171.89,10.5302,0.15,SHR-NODE-0032,1.1645
NODE-0032,RCP-00048,P03,666.59,166.65,10.5005,0.0,SHR-NODE-0032,1.1645
NODE-0032,RCP-00048,P04,650.24,162.56,10.5011,0.0,SHR-NODE-0032,1.1645
NODE-0032,RCP-00048,P05,641.84,160.46,10.5319,0.0,SHR-NODE-0032,1.1645
NODE-0032,RCP-00048,P06,643.1,160.78,10.5853,0.0,SHR-NODE-0032,1.1645
NODE-0032,RCP-00048,P07,653.77,163.44,10.6483,0.0,SHR-NODE-0032,1.1645
NODE-0032,RCP-00048,P08,671.67,167.92,10.7053,0.0,SHR-NODE-0032,1.1645
NODE-0032,RCP-00048,P09,693.18,173.29,10.7426,0.0,SHR-NODE-0032,1.1645
NODE-0032,RCP-00048,P10,713.92,178.48,10.7509,0.0,SHR-NODE-0032,1.1645
NODE-0032,RCP-00048,P11,729.68,182.42,10.7282,0.0,SHR-NODE-0032,1.1645
NODE-0032,RCP-00048,P12,737.27,184.32,10.6801,0.0,SHR-NODE-0032,1.1645
NODE-0013,RCP-00049,P01,753.08,188.27,3.419,0.0,SHR-NODE-0013,0.8445
NODE-0013,RCP-00049,P02,730.1,182.52,3.4036,0.15,SHR-NODE-0013,0.8445
NODE-0013,RCP-00049,P03,708.11,177.03,3.3839,0.0,SHR-NODE-0013,0.8445
NODE-0013,RCP-00049,P04,691.57,172.89,3.3647,0.0,SHR-NODE-0013,0.8445
NODE-0013,RCP-00049,P05,683.86,170.96,3.3507,0.0,SHR-NODE-0013,0.8445
NODE-0013,RCP-00049,P06,686.52,171.63,3.3453,0.0,SHR-NODE-0013,0.8445
NODE-0013,RCP-00049,P07,699.02,174.76,3.3499,0.0,SHR-NODE-0013,0.8445
NODE-0013,RCP-00049,P08,718.83,179.71,3.3633,0.0,SHR-NODE-0013,0.8445
NODE-0013,RCP-00049,P09,741.92,185.48,3.3822,0.0,SHR-NODE-0013,0.8445
NODE-0013,RCP-00049,P10,763.6,190.9,3.4021,0.0,SHR-NODE-0013,0.8445
NODE-0013,RCP-00049,P11,779.46,194.87,3.418,0.0,SHR-NODE-0013,0.8445
NODE-0013,RCP-00049,P12,786.3,196.57,3.426,0.0,SHR-NODE-0013,0.8445
NODE-0014,RCP-00050,P01,741.7,185.43,2.6798,0.0,SHR-NODE-0014,1.0899
NODE-0014,RCP-00050,P02,756.37,189.09,2.664,0.0,SHR-NODE-0014,1.0899
NODE-0014,RCP-00050,P03,762.06,190.52,2.6503,0.0,SHR-NODE-0014,1.0899
NODE-0014,RCP-00050,P04,757.64,189.41,2.6422,0.0,SHR-NODE-0014,1.0899
NODE-0014,RCP-00050,P05,743.99,186.0,2.6416,0.0,SHR-NODE-0014,1.0899
NODE-0014,RCP-00050,P06,723.9,180.97,2.6487,0.0,SHR-NODE-0014,1.0899
NODE-0014,RCP-00050,P07,701.43,175.36,2.6617,0.15,SHR-NODE-0014,1.0899
NODE-0014,RCP-00050,P08,681.16,170.29,2.6775,0.0,SHR-NODE-0014,1.0899
NODE-0014,RCP-00050,P09,667.19,166.8,2.6921,0.0,SHR-NODE-0014,1.0899
NODE-0014,RCP-00050,P10,662.37,165.59,2.7021,0.0,SHR-NODE-0014,1.0899
NODE-0014,RCP-00050,P11,667.68,166.92,2.7049,0.0,SHR-NODE-0014,1.0899
NODE-0014,RCP-00050,P12,682.03,170.51,2.6999,0.0,SHR-NODE-0014,1.0899
NODE-0024,RCP-00051,P01,809.58,202.39,8.1963,0.0,SHR-NODE-0024,1.0422
NODE-0024,RCP-00051,P02,785.88,196.47,8.2094,0.0,SHR-NODE-0024,1.0422
NODE-0024,RCP-00051,P03,769.17,192.29,8.1988,0.0,SHR-NODE-0024,1.0422
NODE-0024,RCP-00051,P04,762.81,190.7,8.1669,0.0,SHR-NODE-0024,1.0422
NODE-0024,RCP-00051,P05,768.12,192.03,8.1217,0.0,SHR-NODE-0024,1.0422
NODE-0024,RCP-00051,P06,784.01,196.0,8.0741,0.0,SHR-NODE-0024,1.0422
NODE-0024,RCP-00051,P07,807.25,201.81,8.0358,0.0,SHR-NODE-0024,1.0422
NODE-0024,RCP-00051,P08,833.12,208.28,8.0162,0.0,SHR-NODE-0024,1.0422
NODE-0024,RCP-00051,P09,856.37,214.09,8.0201,0.0,SHR-NODE-0024,1.0422
NODE-0024,RCP-00051,P10,872.28,218.07,8.0465,0.0,SHR-NODE-0024,1.0422
NODE-0024,RCP-00051,P11,877.62,219.41,8.089,0.0,SHR-NODE-0024,1.0422
NODE-0024,RCP-00051,P12,871.3,217.83,8.1372,0.0,SHR-NODE-0024,1.0422
NODE-0029,RCP-00052,P01,582.27,145.57,13.0131,0.0,SHR-NODE-0029,1.1519
NODE-0029,RCP-00052,P02,564.24,141.06,12.9375,0.0,SHR-NODE-0029,1.1519
NODE-0029,RCP-00052,P03,547.79,136.95,12.8789,0.0,SHR-NODE-0029,1.1519
NODE-0029,RCP-00052,P04,536.26,134.07,12.8516,0.0,SHR-NODE-0029,1.1519
NODE-0029,RCP-00052,P05,532.01,133.0,12.8623,0.0,SHR-NODE-0029,1.1519
NODE-0029,RCP-00052,P06,535.88,133.97,12.9083,0.0,SHR-NODE-0029,1.1519
NODE-0029,RCP-00052,P07,547.1,136.78,12.9784,0.0,SHR-NODE-0029,1.1519
NODE-0029,RCP-00052,P08,563.39,140.85,13.0555,0.0,SHR-NODE-0029,1.1519
NODE-0029,RCP-00052,P09,581.43,145.36,13.1206,0.0,SHR-NODE-0029,1.1519
NODE-0029,RCP-00052,P10,597.57,149.39,13.1578,0.15,SHR-NODE-0029,1.1519
NODE-0029,RCP-00052,P11,608.53,152.13,13.1581,0.0,SHR-NODE-0029,1.1519
NODE-0029,RCP-00052,P12,612.08,153.02,13.1213,0.15,SHR-NODE-0029,1.1519
